{"cameraMode":{"drawMode":0,"name":"Shaded","section":"Shading Mode"},"sceneLighting":true,"audioPlay":false,"sceneViewState":{"showFog":true,"showMaterialUpdate":false,"showSkybox":true,"showFlares":true,"showImageEffects":true,"showParticleSystems":true,"showVisualEffectGraphs":true,"m_FxEnabled":true},"in2DMode":false,"pivot":{"x":-24.793498992919923,"y":9.667049407958985,"z":-3.0627822875976564},"rotation":{"x":-0.03929365053772926,"y":-0.02038750611245632,"z":0.0007898122421465814,"w":-0.999051034450531},"size":11.510092735290528,"orthographic":false}